Workbook

Sheet Instruções
A1: #VALUE!
A2: Dicas
A3: Confira as aulas combinadas com a pessoa coordenadora para obter os títulos corretos de cada aula. Caso mudanças sejam necessárias, então, comunique sobre elas imediatamente. Isso é importante pois as aulas impactam na carga horário geral do curso e mudanças impactam em outras disciplinas.
A4: Para lhe ajudar a estruturar os objetivos de aprendizagem, por favor, assista ao vídeo Taxonomia de Bloom. | D4: Vídeo
A5: Sobre o tempo estimado, você pode usar o software Text Converter para ter uma estimativa do tempo gasto em uma fala. | D5: Software
A7: Regras de gravação:
A8: Na aba Aulas coloque as informações sobre todas as aulas que serão gravadas e combinadas com o coordenador do curso. Cada aula precisa ter no mínimo 45 minutos e no máximo 2 horas. Uma informação importante é que o curso da Postech precisa ter, no mínimo, 100 horas de vídeos. Para isso, o planejamento é que cada aula tenha ao menos 1 hora. Se uma aula por algum motivo tiver menos tempo (45 min, por exemplo) as outras aulas precisam compensar no total da disciplina. Então, por exemplo, numa disciplina de 5 aulas, todas a soma de todos os vídeos de todas as aulas precisam ter, no mínimo, 5 horas. É importante salientar que, para melhor aproveitamento do conteúdo, cada vídeo deve ter no mínimo 15 minutos e no máximo 30 minutos.
A9: Ao escrever o objetivo da aula e o tema de cada vídeo, seja objetivo e utilize bullets points e coloque as informações necessárias para que o produtor possa acompanhar e verificar se todos os pontos foram cobertos. Se quiser, planeje o tempo que gastará em cada tema e coloque essa informação junto ao bullet point. Isso ajudará o produtor a acompanhar o tempo e dar dicas caso seja necessário quebrar o vídeo em dois durante a gravação.
A10: Abordagem didática
A11: Sempre que possível siga a abordagem didática Contexto -> Problema -> Solução -> Teoria (CPST), pois ela é baseada na Aprendizagem Baseada em Problemas e na Jornada do Herói, e permite um maior engajamento e motivação por parte das alunas e alunos.
A12: Exemplo: Usando a abordagem CSPT para explicar o que é Splash Screen
A13: Contexto | B13: Problema | C13: Solução | D13: Teoria
A14: Ao abrir o aplicativo, a tela fica parada em branco por um tempo. | B14: As pessoas fecham o aplicativo, pois acham que foi bug. Como resolver esse problema? | C14: Para saber que não é um bug, mas sim o carregamento normal do aplicativo, colocamos uma tela intermediária de carregamento. | D14: Essa tela intermediária é o que chamamos de Splash Screen. Trata-se de um padrão de design da interface do usuário usado para diminuir a sensação de demora no carregamento de um app.
A16: Para saber mais sobre a abordagem CPST, assista ao vídeo A Jornada do Herói na Educação | D16: Vídeo
A18: Os alunos da PosTech valorizam a prática. Então sempre que possível aborde a teoria utilizando ferramentas e cases que tragam a vivencia para o dia a dia dos alunos
A19: O ideal é que as aulas sejam formadas por vídeos de 20 a 25 minutos. Por isso planeje bem os cortes dos vídeos. Um bom ponto de corte, por exemplo, é quando você encerrar um raciocínio de um conceito e iniciar outro.
A20: Se tiver qualquer dúvida sobre a didática do produto PosTech, não hesite em entrar em contato com a equipe de projetos que está no KickOff
A22: Versão: 1.0.2

Sheet Introdução
A1: #VALUE!
A2: Planejamento dos vídeos
A3: Título do curso | B3: AI Scientist
A4: Título da disciplina | B4: MLOps e Deploy de Modelos
A7: Pessoas responsáveis do projeto
A8: Coordenador(a) do curso | B8: Ana Raquel
A9: Professor(a) principal | B9: Rafael Tavares
A10: Cargo do(a) Professor(a) principal | B10: Professor
A11: Professor(a) de apoio
A12: Cargo do(a) Professor(a) de apoio
A13: Status
A14: Status da Planilha | B14: =IF(Aulas!O14>0,"Erro: verifique a aba Aulas",IF(Vídeos!J48>0,"Erro: verifique a aba vídeos","OK")) -> OK

Sheet Aulas
A1: #VALUE!
A2: No. da Aula | B2: Título da Aula | C2: Objetivos de aprendizagem da aula | D2: Teoria abordada na aula | E2: Assunto que poderia ser mais aprofundado na aula | F2: Livro / Artigo de referencia utilizado na aula | G2: Usará recurso? Se sim, qual (PPT, Miro)? Se não, preencha não | H2: Utilizará código? Se sim, informe o Github ou preencha não | I2: Tempo estimado (em minutos) | J2: Status
A3: 1 | B3: Ciclo de Vida de Modelos | C3: Capacitar o aluno a compreender e aplicar as etapas completas do ciclo de vida de um modelo de machine learning, desde a definição do problema até o monitoramento em produção, identificando responsabilidades, artefatos e decisões em cada fase. | D3: Definição do problema e métricas de sucesso. Coleta, exploração e preparação de dados (EDA, feature engineering). Treinamento, validação e seleção de modelos. Avaliação com métricas de negócio vs técnicas. Versionamento de modelos e dados. Empacotamento e serialização (pickle, joblib, ONNX). Implantação e monitoramento (data drift, concept drift). Retreinamento e governança de modelos. | E3: Feature stores. Governança e auditoria de modelos. Estratégias avançadas de retreinamento automático. | F3: Huyen, C. (2022) - 'Designing Machine Learning Systems' (O'Reilly). Burkov, A. (2020) - 'Machine Learning Engineering'. Sculley et al. (2015) - 'Hidden Technical Debt in Machine Learning Systems' (NeurIPS). | G3: PPT | H3: sim | I3: =SUMIF(Vídeos!$A$3:$A$47,Aulas!A3,Vídeos!$E$3:$E$47) -> 60 | J3: =IF(K3<>"",K3,IF(L3<>"",L3,IF(M3<>"",M3,IF(N3<>"",N3,"OK")))) -> OK | K3: =IF(AND(I3>0,B3=""),"Erro: Aula Sem Título","") | L3: =IF(AND(B3="",OR(C3<>"",I3>0,G3<>"",H3<>"")),"Erro: Aula sem título","") | M3: =IF(B3="","",IF(C3="","Erro: Aula sem Objetivo de aprendizagem",IF(G3="","Erro: Aula sem informação de material",IF(H3="","Erro: Aula sem informação de código",IF(D3="","Erro: Aula sem a informação da teoria abordada",IF(E3="","Erro: Aula sem informação do assunto que pode ser aprofundado na aula",IF(C3="","Erro: Aula sem Livro/Artigo usado como referência",""))))))) | N3: =IF(B3="","",IF(OR(I3<Configurações!$B$4,I3>Configurações!$C$4),_xlfn.CONCAT("Erro: Aula com tempo menor que ",Configurações!$B$4," min ou maior que ",Configurações!$C$4," min. Verifique a aba Vídeos."),"")) | O3: =IF(J3<>"OK",1,0) -> 0
A4: 2 | B4: MLOps | C4: Ensinar ao aluno os princípios, práticas e ferramentas de MLOps, capacitando-o a planejar e implementar pipelines automatizados que garantam a qualidade, rastreabilidade e reprodutibilidade de projetos de machine learning em escala. | D4: O que é MLOps e por que surgiu (DevOps + ML). Diferenças entre DevOps e MLOps. Níveis de maturidade MLOps (Google: Nível 0, 1 e 2). Componentes de uma plataforma MLOps: experiment tracking, model registry, feature store, orchestration, monitoring. Ferramentas: MLflow, DVC, Weights & Biases, Kubeflow, Airflow. Experiment tracking e Model Registry na prática com MLflow. | E4: Feature Stores (Feast, Tecton). Orquestração com Kubeflow/Airflow. Plataformas gerenciadas (SageMaker, Vertex AI). | F4: Treveil, M. et al. (2020) - 'Introducing MLOps' (O'Reilly). Google Cloud - 'MLOps: Continuous delivery and automation pipelines in machine learning'. Zaharia et al. (2018) - 'Accelerating the ML Lifecycle with MLflow'. | G4: PPT | H4: sim | I4: =SUMIF(Vídeos!$A$3:$A$47,Aulas!A4,Vídeos!$E$3:$E$47) -> 60 | J4: =IF(K4<>"",K4,IF(L4<>"",L4,IF(M4<>"",M4,IF(N4<>"",N4,"OK")))) -> OK | K4: =IF(AND(I4>0,B4=""),"Erro: Aula Sem Título","") | L4: =IF(AND(B4="",OR(C4<>"",I4>0,G4<>"",H4<>"")),"Erro: Aula sem título","") | M4: =IF(B4="","",IF(C4="","Erro: Aula sem Objetivo de aprendizagem",IF(G4="","Erro: Aula sem informação de material",IF(H4="","Erro: Aula sem informação de código",IF(D4="","Erro: Aula sem a informação da teoria abordada",IF(E4="","Erro: Aula sem informação do assunto que pode ser aprofundado na aula",IF(C4="","Erro: Aula sem Livro/Artigo usado como referência",""))))))) | N4: =IF(B4="","",IF(OR(I4<Configurações!$B$4,I4>Configurações!$C$4),_xlfn.CONCAT("Erro: Aula com tempo menor que ",Configurações!$B$4," min ou maior que ",Configurações!$C$4," min. Verifique a aba Vídeos."),"")) | O4: =IF(J4<>"OK",1,0) -> 0
A5: 3 | B5: CI/CD Aplicado a Modelos de Machine Learning | C5: Capacitar o aluno a projetar e implementar pipelines de integração contínua e entrega contínua (CI/CD) específicos para projetos de machine learning, automatizando testes, validações e deploy de modelos com segurança e rastreabilidade. | D5: Revisão de CI/CD no software tradicional. Adaptação para ML: código, dados e modelos. Pipeline de CI: testes de dados (Great Expectations, schema validation), testes de modelo (performance thresholds, fairness), testes de código. Pipeline de CD: empacotamento, validação em staging, promoção. Estratégias de deploy: blue-green, canary, shadow mode. Ferramentas: GitHub Actions, DVC Pipelines. Triggers de retreinamento. | E5: Testes de fairness automatizados. Pipelines em cloud (SageMaker, Vertex AI). A/B testing de modelos. | F5: Chen, C. et al. (2022) - 'Reliable Machine Learning' (O'Reilly). Fowler, M. (2019) - 'Continuous Delivery for Machine Learning'. Jordan, J. (2020) - 'Testing Machine Learning Systems'. | G5: PPT | H5: sim | I5: =SUMIF(Vídeos!$A$3:$A$47,Aulas!A5,Vídeos!$E$3:$E$47) -> 60 | J5: =IF(K5<>"",K5,IF(L5<>"",L5,IF(M5<>"",M5,IF(N5<>"",N5,"OK")))) -> OK | K5: =IF(AND(I5>0,B5=""),"Erro: Aula Sem Título","") | L5: =IF(AND(B5="",OR(C5<>"",I5>0,G5<>"",H5<>"")),"Erro: Aula sem título","") | M5: =IF(B5="","",IF(C5="","Erro: Aula sem Objetivo de aprendizagem",IF(G5="","Erro: Aula sem informação de material",IF(H5="","Erro: Aula sem informação de código",IF(D5="","Erro: Aula sem a informação da teoria abordada",IF(E5="","Erro: Aula sem informação do assunto que pode ser aprofundado na aula",IF(C5="","Erro: Aula sem Livro/Artigo usado como referência",""))))))) | N5: =IF(B5="","",IF(OR(I5<Configurações!$B$4,I5>Configurações!$C$4),_xlfn.CONCAT("Erro: Aula com tempo menor que ",Configurações!$B$4," min ou maior que ",Configurações!$C$4," min. Verifique a aba Vídeos."),"")) | O5: =IF(J5<>"OK",1,0) -> 0
A6: 4 | B6: Deploy de Modelos em Produção com APIs e Containers | C6: Ensinar ao aluno a empacotar, servir e escalar modelos de machine learning em produção usando APIs RESTful (FastAPI/Flask) e containers Docker, aplicando boas práticas de engenharia de software para garantir disponibilidade, performance e observabilidade. | D6: Padrões de serving: batch vs real-time. Criação de APIs com FastAPI: endpoints de predição, validação com Pydantic, documentação automática (Swagger). Serialização e carregamento de modelos. Containerização com Docker. Docker Compose para serviços compostos. Escalabilidade: load balancing, réplicas, health checks. Monitoramento: logging, latência, data drift. Introdução a Kubernetes. | E6: Serving com TensorFlow Serving / TorchServe. Deploy serverless (AWS Lambda). Observabilidade avançada (Prometheus, Grafana). | F6: Huyen, C. (2022) - 'Designing Machine Learning Systems' (O'Reilly). Documentação FastAPI (https://fastapi.tiangolo.com/). Documentação Docker (https://docs.docker.com/) e Kubernetes (https://kubernetes.io/docs/). | G6: PPT | H6: sim | I6: =SUMIF(Vídeos!$A$3:$A$47,Aulas!A6,Vídeos!$E$3:$E$47) -> 60 | J6: =IF(K6<>"",K6,IF(L6<>"",L6,IF(M6<>"",M6,IF(N6<>"",N6,"OK")))) -> OK | K6: =IF(AND(I6>0,B6=""),"Erro: Aula Sem Título","") | L6: =IF(AND(B6="",OR(C6<>"",I6>0,G6<>"",H6<>"")),"Erro: Aula sem título","") | M6: =IF(B6="","",IF(C6="","Erro: Aula sem Objetivo de aprendizagem",IF(G6="","Erro: Aula sem informação de material",IF(H6="","Erro: Aula sem informação de código",IF(D6="","Erro: Aula sem a informação da teoria abordada",IF(E6="","Erro: Aula sem informação do assunto que pode ser aprofundado na aula",IF(C6="","Erro: Aula sem Livro/Artigo usado como referência",""))))))) | N6: =IF(B6="","",IF(OR(I6<Configurações!$B$4,I6>Configurações!$C$4),_xlfn.CONCAT("Erro: Aula com tempo menor que ",Configurações!$B$4," min ou maior que ",Configurações!$C$4," min. Verifique a aba Vídeos."),"")) | O6: =IF(J6<>"OK",1,0) -> 0
A7: 5 | I7: =SUMIF(Vídeos!$A$3:$A$47,Aulas!A7,Vídeos!$E$3:$E$47) -> 0 | J7: =IF(K7<>"",K7,IF(L7<>"",L7,IF(M7<>"",M7,IF(N7<>"",N7,"OK")))) -> OK | K7: =IF(AND(I7>0,B7=""),"Erro: Aula Sem Título","") | L7: =IF(AND(B7="",OR(C7<>"",I7>0,G7<>"",H7<>"")),"Erro: Aula sem título","") | M7: =IF(B7="","",IF(C7="","Erro: Aula sem Objetivo de aprendizagem",IF(G7="","Erro: Aula sem informação de material",IF(H7="","Erro: Aula sem informação de código",IF(D7="","Erro: Aula sem a informação da teoria abordada",IF(E7="","Erro: Aula sem informação do assunto que pode ser aprofundado na aula",IF(C7="","Erro: Aula sem Livro/Artigo usado como referência",""))))))) | N7: =IF(B7="","",IF(OR(I7<Configurações!$B$4,I7>Configurações!$C$4),_xlfn.CONCAT("Erro: Aula com tempo menor que ",Configurações!$B$4," min ou maior que ",Configurações!$C$4," min. Verifique a aba Vídeos."),"")) | O7: =IF(J7<>"OK",1,0) -> 0
A8: 6 | I8: =SUMIF(Vídeos!$A$3:$A$47,Aulas!A8,Vídeos!$E$3:$E$47) -> 0 | J8: =IF(K8<>"",K8,IF(L8<>"",L8,IF(M8<>"",M8,IF(N8<>"",N8,"OK")))) -> OK | K8: =IF(AND(I8>0,B8=""),"Erro: Aula Sem Título","") | L8: =IF(AND(B8="",OR(C8<>"",I8>0,G8<>"",H8<>"")),"Erro: Aula sem título","") | M8: =IF(B8="","",IF(C8="","Erro: Aula sem Objetivo de aprendizagem",IF(G8="","Erro: Aula sem informação de material",IF(H8="","Erro: Aula sem informação de código",IF(D8="","Erro: Aula sem a informação da teoria abordada",IF(E8="","Erro: Aula sem informação do assunto que pode ser aprofundado na aula",IF(C8="","Erro: Aula sem Livro/Artigo usado como referência",""))))))) | N8: =IF(B8="","",IF(OR(I8<Configurações!$B$4,I8>Configurações!$C$4),_xlfn.CONCAT("Erro: Aula com tempo menor que ",Configurações!$B$4," min ou maior que ",Configurações!$C$4," min. Verifique a aba Vídeos."),"")) | O8: =IF(J8<>"OK",1,0) -> 0
A9: 7 | I9: =SUMIF(Vídeos!$A$3:$A$47,Aulas!A9,Vídeos!$E$3:$E$47) -> 0 | J9: =IF(K9<>"",K9,IF(L9<>"",L9,IF(M9<>"",M9,IF(N9<>"",N9,"OK")))) -> OK | K9: =IF(AND(I9>0,B9=""),"Erro: Aula Sem Título","") | L9: =IF(AND(B9="",OR(C9<>"",I9>0,G9<>"",H9<>"")),"Erro: Aula sem título","") | M9: =IF(B9="","",IF(C9="","Erro: Aula sem Objetivo de aprendizagem",IF(G9="","Erro: Aula sem informação de material",IF(H9="","Erro: Aula sem informação de código",IF(D9="","Erro: Aula sem a informação da teoria abordada",IF(E9="","Erro: Aula sem informação do assunto que pode ser aprofundado na aula",IF(C9="","Erro: Aula sem Livro/Artigo usado como referência",""))))))) | N9: =IF(B9="","",IF(OR(I9<Configurações!$B$4,I9>Configurações!$C$4),_xlfn.CONCAT("Erro: Aula com tempo menor que ",Configurações!$B$4," min ou maior que ",Configurações!$C$4," min. Verifique a aba Vídeos."),"")) | O9: =IF(J9<>"OK",1,0) -> 0
A10: 8 | I10: =SUMIF(Vídeos!$A$3:$A$47,Aulas!A10,Vídeos!$E$3:$E$47) -> 0 | J10: =IF(K10<>"",K10,IF(L10<>"",L10,IF(M10<>"",M10,IF(N10<>"",N10,"OK")))) -> OK | K10: =IF(AND(I10>0,B10=""),"Erro: Aula Sem Título","") | L10: =IF(AND(B10="",OR(C10<>"",I10>0,G10<>"",H10<>"")),"Erro: Aula sem título","") | M10: =IF(B10="","",IF(C10="","Erro: Aula sem Objetivo de aprendizagem",IF(G10="","Erro: Aula sem informação de material",IF(H10="","Erro: Aula sem informação de código",IF(D10="","Erro: Aula sem a informação da teoria abordada",IF(E10="","Erro: Aula sem informação do assunto que pode ser aprofundado na aula",IF(C10="","Erro: Aula sem Livro/Artigo usado como referência",""))))))) | N10: =IF(B10="","",IF(OR(I10<Configurações!$B$4,I10>Configurações!$C$4),_xlfn.CONCAT("Erro: Aula com tempo menor que ",Configurações!$B$4," min ou maior que ",Configurações!$C$4," min. Verifique a aba Vídeos."),"")) | O10: =IF(J10<>"OK",1,0) -> 0
A11: 9 | I11: =SUMIF(Vídeos!$A$3:$A$47,Aulas!A11,Vídeos!$E$3:$E$47) -> 0 | J11: =IF(K11<>"",K11,IF(L11<>"",L11,IF(M11<>"",M11,IF(N11<>"",N11,"OK")))) -> OK | K11: =IF(AND(I11>0,B11=""),"Erro: Aula Sem Título","") | L11: =IF(AND(B11="",OR(C11<>"",I11>0,G11<>"",H11<>"")),"Erro: Aula sem título","") | M11: =IF(B11="","",IF(C11="","Erro: Aula sem Objetivo de aprendizagem",IF(G11="","Erro: Aula sem informação de material",IF(H11="","Erro: Aula sem informação de código",IF(D11="","Erro: Aula sem a informação da teoria abordada",IF(E11="","Erro: Aula sem informação do assunto que pode ser aprofundado na aula",IF(C11="","Erro: Aula sem Livro/Artigo usado como referência",""))))))) | N11: =IF(B11="","",IF(OR(I11<Configurações!$B$4,I11>Configurações!$C$4),_xlfn.CONCAT("Erro: Aula com tempo menor que ",Configurações!$B$4," min ou maior que ",Configurações!$C$4," min. Verifique a aba Vídeos."),"")) | O11: =IF(J11<>"OK",1,0) -> 0
A12: 10 | I12: =SUMIF(Vídeos!$A$3:$A$47,Aulas!A12,Vídeos!$E$3:$E$47) -> 0 | J12: =IF(K12<>"",K12,IF(L12<>"",L12,IF(M12<>"",M12,IF(N12<>"",N12,"OK")))) -> OK | K12: =IF(AND(I12>0,B12=""),"Erro: Aula Sem Título","") | L12: =IF(AND(B12="",OR(C12<>"",I12>0,G12<>"",H12<>"")),"Erro: Aula sem título","") | M12: =IF(B12="","",IF(C12="","Erro: Aula sem Objetivo de aprendizagem",IF(G12="","Erro: Aula sem informação de material",IF(H12="","Erro: Aula sem informação de código",IF(D12="","Erro: Aula sem a informação da teoria abordada",IF(E12="","Erro: Aula sem informação do assunto que pode ser aprofundado na aula",IF(C12="","Erro: Aula sem Livro/Artigo usado como referência",""))))))) | N12: =IF(B12="","",IF(OR(I12<Configurações!$B$4,I12>Configurações!$C$4),_xlfn.CONCAT("Erro: Aula com tempo menor que ",Configurações!$B$4," min ou maior que ",Configurações!$C$4," min. Verifique a aba Vídeos."),"")) | O12: =IF(J12<>"OK",1,0) -> 0
H13: Total | I13: =Vídeos!E48 -> 240 | J13: =IF(I13>=L13,"OK",_xlfn.CONCAT("Erro: Total de horas de vídeo menor que ",L13," min. Verifique a aba de instruções")) -> OK | K13: =COUNTA(B3:B12) -> 4 | L13: =K13*Configurações!B5 -> 240 | O13: =IF(J13<>"OK",1,0) -> 0
O14: =SUM(O3:O13) -> 0

Sheet Vídeos
A1: #VALUE!
A2: Aula Num. | B2: Video Num | C2: Titulo do vídeo | D2: Temas abordados no vídeo | E2: Tempo estimado (em min, somente o número) | F2: Status
A3: 1 | B3: 1 | C3: Da Ideia ao Modelo - Definição, Dados e Treinamento | D3: • Visão geral do ciclo de vida completo de um modelo de ML • Definição do problema e métricas de sucesso (negócio vs técnica) • Coleta e exploração de dados (EDA) e feature engineering • Treinamento e validação: cross-validation e tuning de hiperparâmetros | E3: 20 | F3: =IF(G3<>"",G3,IF(H3<>"",H3,IF(I3<>"",I3,"OK"))) -> OK | G3: =IF(AND(A3=0,OR(B3>0,C3<>"",D3<>"",E3>0)),"Erro: Número da aula não informado","") | H3: =IF(A3=0,"",IF(B3=0,"Erro: Número do vídeo não informado", IF(C3="","Erro: Título do vídeo não informado",IF(D3="","Erro: Tema do vídeo não informado",IF(E3=0,"Erro: Tempo do vídeo não informado",""))))) | I3: =IF(E3=0,"",IF(OR(E3<Configurações!$B$3,E3>Configurações!$C$3),_xlfn.CONCAT("Erro: Vídeo com tempo menor que ",Configurações!$B$3,"min ou maior de ",Configurações!$C$3," min"),"")) | J3: =IF(F3<>"OK",1,0) -> 0
A4: 1 | B4: 2 | C4: Do Modelo ao Artefato - Avaliação, Versionamento e Empacotamento | D4: • Avaliação de modelos: métricas técnicas vs métricas de negócio e trade-offs • Versionamento de modelos e dados (por que versionar; DVC e MLflow) • Serialização e empacotamento (pickle, joblib, ONNX, SavedModel) • Conceito de Model Registry | E4: 20 | F4: =IF(G4<>"",G4,IF(H4<>"",H4,IF(I4<>"",I4,"OK"))) -> OK | G4: =IF(AND(A4=0,OR(B4>0,C4<>"",D4<>"",E4>0)),"Erro: Número da aula não informado","") | H4: =IF(A4=0,"",IF(B4=0,"Erro: Número do vídeo não informado", IF(C4="","Erro: Título do vídeo não informado",IF(D4="","Erro: Tema do vídeo não informado",IF(E4=0,"Erro: Tempo do vídeo não informado",""))))) | I4: =IF(E4=0,"",IF(OR(E4<Configurações!$B$3,E4>Configurações!$C$3),_xlfn.CONCAT("Erro: Vídeo com tempo menor que ",Configurações!$B$3,"min ou maior de ",Configurações!$C$3," min"),"")) | J4: =IF(F4<>"OK",1,0) -> 0
A5: 1 | B5: 3 | C5: Do Artefato à Produção - Deploy, Monitoramento e Retreinamento | D5: • Estratégias de implantação: batch vs online • Monitoramento em produção: data drift, concept drift, model degradation • Triggers de retreinamento e ciclo contínuo • Governança de modelos: Model Cards, auditoria e compliance | E5: 20 | F5: =IF(G5<>"",G5,IF(H5<>"",H5,IF(I5<>"",I5,"OK"))) -> OK | G5: =IF(AND(A5=0,OR(B5>0,C5<>"",D5<>"",E5>0)),"Erro: Número da aula não informado","") | H5: =IF(A5=0,"",IF(B5=0,"Erro: Número do vídeo não informado", IF(C5="","Erro: Título do vídeo não informado",IF(D5="","Erro: Tema do vídeo não informado",IF(E5=0,"Erro: Tempo do vídeo não informado",""))))) | I5: =IF(E5=0,"",IF(OR(E5<Configurações!$B$3,E5>Configurações!$C$3),_xlfn.CONCAT("Erro: Vídeo com tempo menor que ",Configurações!$B$3,"min ou maior de ",Configurações!$C$3," min"),"")) | J5: =IF(F5<>"OK",1,0) -> 0
A6: 2 | B6: 1 | C6: O que é MLOps e Por Que Você Precisa Disso | D6: • Por que modelos falham em produção • MLOps como evolução de DevOps para ML • Diferenças fundamentais: dados e modelos como artefatos vivos • Níveis de maturidade MLOps do Google (Nível 0, 1 e 2) | E6: 20 | F6: =IF(G6<>"",G6,IF(H6<>"",H6,IF(I6<>"",I6,"OK"))) -> OK | G6: =IF(AND(A6=0,OR(B6>0,C6<>"",D6<>"",E6>0)),"Erro: Número da aula não informado","") | H6: =IF(A6=0,"",IF(B6=0,"Erro: Número do vídeo não informado", IF(C6="","Erro: Título do vídeo não informado",IF(D6="","Erro: Tema do vídeo não informado",IF(E6=0,"Erro: Tempo do vídeo não informado",""))))) | I6: =IF(E6=0,"",IF(OR(E6<Configurações!$B$3,E6>Configurações!$C$3),_xlfn.CONCAT("Erro: Vídeo com tempo menor que ",Configurações!$B$3,"min ou maior de ",Configurações!$C$3," min"),"")) | J6: =IF(F6<>"OK",1,0) -> 0
A7: 2 | B7: 2 | C7: Ecossistema de Ferramentas MLOps | D7: • Componentes de uma plataforma MLOps: tracking, registry, feature store, orchestration, monitoring • Ecossistema: MLflow, DVC, W&B, Kubeflow, Airflow, Feast • Open-source vs plataformas gerenciadas (SageMaker, Vertex AI) • Como escolher as ferramentas certas | E7: 20 | F7: =IF(G7<>"",G7,IF(H7<>"",H7,IF(I7<>"",I7,"OK"))) -> OK | G7: =IF(AND(A7=0,OR(B7>0,C7<>"",D7<>"",E7>0)),"Erro: Número da aula não informado","") | H7: =IF(A7=0,"",IF(B7=0,"Erro: Número do vídeo não informado", IF(C7="","Erro: Título do vídeo não informado",IF(D7="","Erro: Tema do vídeo não informado",IF(E7=0,"Erro: Tempo do vídeo não informado",""))))) | I7: =IF(E7=0,"",IF(OR(E7<Configurações!$B$3,E7>Configurações!$C$3),_xlfn.CONCAT("Erro: Vídeo com tempo menor que ",Configurações!$B$3,"min ou maior de ",Configurações!$C$3," min"),"")) | J7: =IF(F7<>"OK",1,0) -> 0
A8: 2 | B8: 3 | C8: MLflow na Prática - Tracking e Model Registry | D8: • MLflow como plataforma central de MLOps • Experiment tracking: logging de parâmetros, métricas e artefatos • Model Registry: versionamento e transição de estágios (staging → production) • Integração do MLflow com o restante do pipeline | E8: 20 | F8: =IF(G8<>"",G8,IF(H8<>"",H8,IF(I8<>"",I8,"OK"))) -> OK | G8: =IF(AND(A8=0,OR(B8>0,C8<>"",D8<>"",E8>0)),"Erro: Número da aula não informado","") | H8: =IF(A8=0,"",IF(B8=0,"Erro: Número do vídeo não informado", IF(C8="","Erro: Título do vídeo não informado",IF(D8="","Erro: Tema do vídeo não informado",IF(E8=0,"Erro: Tempo do vídeo não informado",""))))) | I8: =IF(E8=0,"",IF(OR(E8<Configurações!$B$3,E8>Configurações!$C$3),_xlfn.CONCAT("Erro: Vídeo com tempo menor que ",Configurações!$B$3,"min ou maior de ",Configurações!$C$3," min"),"")) | J8: =IF(F8<>"OK",1,0) -> 0
A9: 3 | B9: 1 | C9: CI/CD para ML - O que Muda em Relação ao Software Tradicional | D9: • Revisão de CI/CD no software tradicional • Por que CI/CD para ML é mais complexo: código, dados e modelo • Pipeline de CI para ML: testes de dados, modelo e código • Visão geral do fluxo end-to-end | E9: 20 | F9: =IF(G9<>"",G9,IF(H9<>"",H9,IF(I9<>"",I9,"OK"))) -> OK | G9: =IF(AND(A9=0,OR(B9>0,C9<>"",D9<>"",E9>0)),"Erro: Número da aula não informado","") | H9: =IF(A9=0,"",IF(B9=0,"Erro: Número do vídeo não informado", IF(C9="","Erro: Título do vídeo não informado",IF(D9="","Erro: Tema do vídeo não informado",IF(E9=0,"Erro: Tempo do vídeo não informado",""))))) | I9: =IF(E9=0,"",IF(OR(E9<Configurações!$B$3,E9>Configurações!$C$3),_xlfn.CONCAT("Erro: Vídeo com tempo menor que ",Configurações!$B$3,"min ou maior de ",Configurações!$C$3," min"),"")) | J9: =IF(F9<>"OK",1,0) -> 0
A10: 3 | B10: 2 | C10: Testes Automatizados para Modelos e Dados | D10: • Validação de dados com Great Expectations • Testes de performance de modelo (thresholds, comparação com baseline) • Testes de fairness e bias • Data contracts e estruturação de uma suíte de testes para ML | E10: 20 | F10: =IF(G10<>"",G10,IF(H10<>"",H10,IF(I10<>"",I10,"OK"))) -> OK | G10: =IF(AND(A10=0,OR(B10>0,C10<>"",D10<>"",E10>0)),"Erro: Número da aula não informado","") | H10: =IF(A10=0,"",IF(B10=0,"Erro: Número do vídeo não informado", IF(C10="","Erro: Título do vídeo não informado",IF(D10="","Erro: Tema do vídeo não informado",IF(E10=0,"Erro: Tempo do vídeo não informado",""))))) | I10: =IF(E10=0,"",IF(OR(E10<Configurações!$B$3,E10>Configurações!$C$3),_xlfn.CONCAT("Erro: Vídeo com tempo menor que ",Configurações!$B$3,"min ou maior de ",Configurações!$C$3," min"),"")) | J10: =IF(F10<>"OK",1,0) -> 0
A11: 3 | B11: 3 | C11: Pipeline de CD e Estratégias de Deploy Seguro | D11: • Pipeline de Continuous Delivery: empacotamento, staging, promoção • Estratégias de deploy seguro: blue-green, canary, shadow mode • Automação com GitHub Actions e DVC Pipelines • Triggers de retreinamento (schedule, drift detection) | E11: 20 | F11: =IF(G11<>"",G11,IF(H11<>"",H11,IF(I11<>"",I11,"OK"))) -> OK | G11: =IF(AND(A11=0,OR(B11>0,C11<>"",D11<>"",E11>0)),"Erro: Número da aula não informado","") | H11: =IF(A11=0,"",IF(B11=0,"Erro: Número do vídeo não informado", IF(C11="","Erro: Título do vídeo não informado",IF(D11="","Erro: Tema do vídeo não informado",IF(E11=0,"Erro: Tempo do vídeo não informado",""))))) | I11: =IF(E11=0,"",IF(OR(E11<Configurações!$B$3,E11>Configurações!$C$3),_xlfn.CONCAT("Erro: Vídeo com tempo menor que ",Configurações!$B$3,"min ou maior de ",Configurações!$C$3," min"),"")) | J11: =IF(F11<>"OK",1,0) -> 0
A12: 4 | B12: 1 | C12: Servindo Modelos com FastAPI | D12: • Padrões de serving: batch vs real-time (online) inference • Construção de API de predição com FastAPI • Validação de entrada com Pydantic e serialização de respostas • Documentação automática (Swagger/OpenAPI) | E12: 20 | F12: =IF(G12<>"",G12,IF(H12<>"",H12,IF(I12<>"",I12,"OK"))) -> OK | G12: =IF(AND(A12=0,OR(B12>0,C12<>"",D12<>"",E12>0)),"Erro: Número da aula não informado","") | H12: =IF(A12=0,"",IF(B12=0,"Erro: Número do vídeo não informado", IF(C12="","Erro: Título do vídeo não informado",IF(D12="","Erro: Tema do vídeo não informado",IF(E12=0,"Erro: Tempo do vídeo não informado",""))))) | I12: =IF(E12=0,"",IF(OR(E12<Configurações!$B$3,E12>Configurações!$C$3),_xlfn.CONCAT("Erro: Vídeo com tempo menor que ",Configurações!$B$3,"min ou maior de ",Configurações!$C$3," min"),"")) | J12: =IF(F12<>"OK",1,0) -> 0
A13: 4 | B13: 2 | C13: Containerizando o Serviço de Predição com Docker | D13: • Empacotamento da API em container Docker • Dockerfile otimizado para ML (multi-stage build, cache de dependências) • Docker Compose para serviços compostos (API + cache + métricas) • Boas práticas: health checks, graceful shutdown, variáveis de ambiente | E13: 20 | F13: =IF(G13<>"",G13,IF(H13<>"",H13,IF(I13<>"",I13,"OK"))) -> OK | G13: =IF(AND(A13=0,OR(B13>0,C13<>"",D13<>"",E13>0)),"Erro: Número da aula não informado","") | H13: =IF(A13=0,"",IF(B13=0,"Erro: Número do vídeo não informado", IF(C13="","Erro: Título do vídeo não informado",IF(D13="","Erro: Tema do vídeo não informado",IF(E13=0,"Erro: Tempo do vídeo não informado",""))))) | I13: =IF(E13=0,"",IF(OR(E13<Configurações!$B$3,E13>Configurações!$C$3),_xlfn.CONCAT("Erro: Vídeo com tempo menor que ",Configurações!$B$3,"min ou maior de ",Configurações!$C$3," min"),"")) | J13: =IF(F13<>"OK",1,0) -> 0
A14: 4 | B14: 3 | C14: Escalabilidade, Monitoramento e Orquestração | D14: • Escalabilidade: load balancing, réplicas horizontais, auto-scaling • Monitoramento: logging estruturado e métricas de latência (p50, p95, p99) • Detecção de data drift em produção • Introdução a Kubernetes: pods, services, deployments | E14: 20 | F14: =IF(G14<>"",G14,IF(H14<>"",H14,IF(I14<>"",I14,"OK"))) -> OK | G14: =IF(AND(A14=0,OR(B14>0,C14<>"",D14<>"",E14>0)),"Erro: Número da aula não informado","") | H14: =IF(A14=0,"",IF(B14=0,"Erro: Número do vídeo não informado", IF(C14="","Erro: Título do vídeo não informado",IF(D14="","Erro: Tema do vídeo não informado",IF(E14=0,"Erro: Tempo do vídeo não informado",""))))) | I14: =IF(E14=0,"",IF(OR(E14<Configurações!$B$3,E14>Configurações!$C$3),_xlfn.CONCAT("Erro: Vídeo com tempo menor que ",Configurações!$B$3,"min ou maior de ",Configurações!$C$3," min"),"")) | J14: =IF(F14<>"OK",1,0) -> 0
F15: =IF(G15<>"",G15,IF(H15<>"",H15,IF(I15<>"",I15,"OK"))) -> OK | G15: =IF(AND(A15=0,OR(B15>0,C15<>"",D15<>"",E15>0)),"Erro: Número da aula não informado","") | H15: =IF(A15=0,"",IF(B15=0,"Erro: Número do vídeo não informado", IF(C15="","Erro: Título do vídeo não informado",IF(D15="","Erro: Tema do vídeo não informado",IF(E15=0,"Erro: Tempo do vídeo não informado",""))))) | I15: =IF(E15=0,"",IF(OR(E15<Configurações!$B$3,E15>Configurações!$C$3),_xlfn.CONCAT("Erro: Vídeo com tempo menor que ",Configurações!$B$3,"min ou maior de ",Configurações!$C$3," min"),"")) | J15: =IF(F15<>"OK",1,0) -> 0
F16: =IF(G16<>"",G16,IF(H16<>"",H16,IF(I16<>"",I16,"OK"))) -> OK | G16: =IF(AND(A16=0,OR(B16>0,C16<>"",D16<>"",E16>0)),"Erro: Número da aula não informado","") | H16: =IF(A16=0,"",IF(B16=0,"Erro: Número do vídeo não informado", IF(C16="","Erro: Título do vídeo não informado",IF(D16="","Erro: Tema do vídeo não informado",IF(E16=0,"Erro: Tempo do vídeo não informado",""))))) | I16: =IF(E16=0,"",IF(OR(E16<Configurações!$B$3,E16>Configurações!$C$3),_xlfn.CONCAT("Erro: Vídeo com tempo menor que ",Configurações!$B$3,"min ou maior de ",Configurações!$C$3," min"),"")) | J16: =IF(F16<>"OK",1,0) -> 0
F17: =IF(G17<>"",G17,IF(H17<>"",H17,IF(I17<>"",I17,"OK"))) -> OK | G17: =IF(AND(A17=0,OR(B17>0,C17<>"",D17<>"",E17>0)),"Erro: Número da aula não informado","") | H17: =IF(A17=0,"",IF(B17=0,"Erro: Número do vídeo não informado", IF(C17="","Erro: Título do vídeo não informado",IF(D17="","Erro: Tema do vídeo não informado",IF(E17=0,"Erro: Tempo do vídeo não informado",""))))) | I17: =IF(E17=0,"",IF(OR(E17<Configurações!$B$3,E17>Configurações!$C$3),_xlfn.CONCAT("Erro: Vídeo com tempo menor que ",Configurações!$B$3,"min ou maior de ",Configurações!$C$3," min"),"")) | J17: =IF(F17<>"OK",1,0) -> 0
F18: =IF(G18<>"",G18,IF(H18<>"",H18,IF(I18<>"",I18,"OK"))) -> OK | G18: =IF(AND(A18=0,OR(B18>0,C18<>"",D18<>"",E18>0)),"Erro: Número da aula não informado","") | H18: =IF(A18=0,"",IF(B18=0,"Erro: Número do vídeo não informado", IF(C18="","Erro: Título do vídeo não informado",IF(D18="","Erro: Tema do vídeo não informado",IF(E18=0,"Erro: Tempo do vídeo não informado",""))))) | I18: =IF(E18=0,"",IF(OR(E18<Configurações!$B$3,E18>Configurações!$C$3),_xlfn.CONCAT("Erro: Vídeo com tempo menor que ",Configurações!$B$3,"min ou maior de ",Configurações!$C$3," min"),"")) | J18: =IF(F18<>"OK",1,0) -> 0
F19: =IF(G19<>"",G19,IF(H19<>"",H19,IF(I19<>"",I19,"OK"))) -> OK | G19: =IF(AND(A19=0,OR(B19>0,C19<>"",D19<>"",E19>0)),"Erro: Número da aula não informado","") | H19: =IF(A19=0,"",IF(B19=0,"Erro: Número do vídeo não informado", IF(C19="","Erro: Título do vídeo não informado",IF(D19="","Erro: Tema do vídeo não informado",IF(E19=0,"Erro: Tempo do vídeo não informado",""))))) | I19: =IF(E19=0,"",IF(OR(E19<Configurações!$B$3,E19>Configurações!$C$3),_xlfn.CONCAT("Erro: Vídeo com tempo menor que ",Configurações!$B$3,"min ou maior de ",Configurações!$C$3," min"),"")) | J19: =IF(F19<>"OK",1,0) -> 0
F20: =IF(G20<>"",G20,IF(H20<>"",H20,IF(I20<>"",I20,"OK"))) -> OK | G20: =IF(AND(A20=0,OR(B20>0,C20<>"",D20<>"",E20>0)),"Erro: Número da aula não informado","") | H20: =IF(A20=0,"",IF(B20=0,"Erro: Número do vídeo não informado", IF(C20="","Erro: Título do vídeo não informado",IF(D20="","Erro: Tema do vídeo não informado",IF(E20=0,"Erro: Tempo do vídeo não informado",""))))) | I20: =IF(E20=0,"",IF(OR(E20<Configurações!$B$3,E20>Configurações!$C$3),_xlfn.CONCAT("Erro: Vídeo com tempo menor que ",Configurações!$B$3,"min ou maior de ",Configurações!$C$3," min"),"")) | J20: =IF(F20<>"OK",1,0) -> 0
F21: =IF(G21<>"",G21,IF(H21<>"",H21,IF(I21<>"",I21,"OK"))) -> OK | G21: =IF(AND(A21=0,OR(B21>0,C21<>"",D21<>"",E21>0)),"Erro: Número da aula não informado","") | H21: =IF(A21=0,"",IF(B21=0,"Erro: Número do vídeo não informado", IF(C21="","Erro: Título do vídeo não informado",IF(D21="","Erro: Tema do vídeo não informado",IF(E21=0,"Erro: Tempo do vídeo não informado",""))))) | I21: =IF(E21=0,"",IF(OR(E21<Configurações!$B$3,E21>Configurações!$C$3),_xlfn.CONCAT("Erro: Vídeo com tempo menor que ",Configurações!$B$3,"min ou maior de ",Configurações!$C$3," min"),"")) | J21: =IF(F21<>"OK",1,0) -> 0
F22: =IF(G22<>"",G22,IF(H22<>"",H22,IF(I22<>"",I22,"OK"))) -> OK
F23: =IF(G23<>"",G23,IF(H23<>"",H23,IF(I23<>"",I23,"OK"))) -> OK
F24: =IF(G24<>"",G24,IF(H24<>"",H24,IF(I24<>"",I24,"OK"))) -> OK
F25: =IF(G25<>"",G25,IF(H25<>"",H25,IF(I25<>"",I25,"OK"))) -> OK
F26: =IF(G26<>"",G26,IF(H26<>"",H26,IF(I26<>"",I26,"OK"))) -> OK
F27: =IF(G27<>"",G27,IF(H27<>"",H27,IF(I27<>"",I27,"OK"))) -> OK
F28: =IF(G28<>"",G28,IF(H28<>"",H28,IF(I28<>"",I28,"OK"))) -> OK
F29: =IF(G29<>"",G29,IF(H29<>"",H29,IF(I29<>"",I29,"OK"))) -> OK
F30: =IF(G30<>"",G30,IF(H30<>"",H30,IF(I30<>"",I30,"OK"))) -> OK
F31: =IF(G31<>"",G31,IF(H31<>"",H31,IF(I31<>"",I31,"OK"))) -> OK
F32: =IF(G32<>"",G32,IF(H32<>"",H32,IF(I32<>"",I32,"OK"))) -> OK
F33: =IF(G33<>"",G33,IF(H33<>"",H33,IF(I33<>"",I33,"OK"))) -> OK
... F46: =IF(G46<>"",G46,IF(H46<>"",H46,IF(I46<>"",I46,"OK"))) -> OK
F47: =IF(G47<>"",G47,IF(H47<>"",H47,IF(I47<>"",I47,"OK"))) -> OK | G47: =IF(AND(A47=0,OR(B47>0,C47<>"",D47<>"",E47>0)),"Erro: Número da aula não informado","") | H47: =IF(A47=0,"",IF(B47=0,"Erro: Número do vídeo não informado", IF(C47="","Erro: Título do vídeo não informado",IF(D47="","Erro: Tema do vídeo não informado",IF(E47=0,"Erro: Tempo do vídeo não informado",""))))) | I47: =IF(E47=0,"",IF(OR(E47<Configurações!$B$3,E47>Configurações!$C$3),_xlfn.CONCAT("Erro: Vídeo com tempo menor que ",Configurações!$B$3,"min ou maior de ",Configurações!$C$3," min"),"")) | J47: =IF(F47<>"OK",1,0) -> 0
D48: Total | E48: =SUM(E3:E47) -> 240 | J48: =SUM(J3:J47) -> 0

Sheet Configurações
A1: Configurações
B2: Mínimo | C2: Máximo
A3: Vídeo | B3: 12 | C3: 35
A4: Aula | B4: 40 | C4: 120
A5: Base Aula | B5: 60
